ID,Name,Age,Company,Designation,City,Country
1,John Smith,55,NextGen Solutions,Data Analyst,New York,Canada
2,Alice Johnson,55,NextGen Solutions,Data Analyst,Sydney,Germany
3,Michael Brown,48,NextGen Solutions,Software Engineer,Toronto,Canada
4,Emily Davis,22,CloudNet,Data Analyst,Sydney,Japan
5,David Wilson,41,DataWorks,Project Manager,Bangalore,Japan
6,Sophia Martinez,45,CloudNet,Project Manager,London,Canada
7,James Anderson,43,TechSoft,Project Manager,London,India
8,Olivia Thomas,43,CloudNet,HR Executive,Berlin,Japan
9,Daniel Taylor,53,NextGen Solutions,HR Executive,New York,Japan
10,Emma Moore,27,TechSoft,Project Manager,New York,UK
11,Matthew Jackson,47,TechSoft,QA Engineer,London,Japan
12,Isabella White,22,InnovaCorp,Software Engineer,Berlin,Germany
13,Christopher Harris,40,CloudNet,QA Engineer,New York,India
14,Mia Martin,45,DataWorks,Software Engineer,London,Germany
15,Ethan Thompson,26,TechSoft,HR Executive,London,India
16,Charlotte Garcia,29,NextGen Solutions,Data Analyst,Berlin,India
17,Andrew Martinez,30,TechSoft,Data Analyst,Tokyo,UK
18,Amelia Robinson,43,NextGen Solutions,HR Executive,London,Canada
19,Joseph Clark,28,CloudNet,HR Executive,Berlin,Japan
20,Harper Rodriguez,46,CloudNet,Project Manager,Tokyo,Australia
21,Samuel Lewis,52,TechSoft,QA Engineer,Toronto,Australia
22,Evelyn Lee,37,CloudNet,QA Engineer,Tokyo,USA
23,Benjamin Walker,36,TechSoft,Software Engineer,Berlin,Australia
24,Abigail Hall,46,TechSoft,Data Analyst,New York,Canada
25,Logan Allen,51,CloudNet,Project Manager,Toronto,Australia
26,Ella Young,42,InnovaCorp,Project Manager,Toronto,Japan
27,Mason King,55,CloudNet,Software Engineer,Berlin,Australia
28,Avery Wright,55,InnovaCorp,Project Manager,Sydney,Australia
29,Lucas Scott,25,InnovaCorp,Project Manager,London,USA
30,Scarlett Green,22,DataWorks,Software Engineer,New York,Germany
31,Henry Adams,47,InnovaCorp,HR Executive,Toronto,USA
32,Grace Baker,45,TechSoft,QA Engineer,Toronto,Canada
33,Alexander Nelson,41,TechSoft,Data Analyst,Bangalore,Australia
34,Chloe Carter,38,CloudNet,HR Executive,Berlin,UK
35,William Mitchell,31,DataWorks,Project Manager,Tokyo,Japan
36,Aria Perez,52,TechSoft,Project Manager,Tokyo,Australia
37,Jack Roberts,32,NextGen Solutions,Software Engineer,Toronto,Australia
38,Lily Turner,42,InnovaCorp,Software Engineer,Sydney,Germany
39,Owen Phillips,53,DataWorks,Software Engineer,Sydney,UK
40,Zoe Campbell,30,TechSoft,QA Engineer,Toronto,Canada
41,Jacob Parker,30,InnovaCorp,HR Executive,Toronto,Japan
42,Hannah Evans,37,DataWorks,Project Manager,Toronto,Japan
43,Sebastian Edwards,49,DataWorks,Project Manager,Sydney,UK
44,Layla Collins,28,TechSoft,HR Executive,Sydney,UK
45,Elijah Stewart,28,NextGen Solutions,QA Engineer,Berlin,Australia
46,Victoria Sanchez,33,InnovaCorp,HR Executive,New York,UK
47,Aiden Morris,31,InnovaCorp,Data Analyst,London,UK
48,Natalie Rogers,38,NextGen Solutions,Project Manager,London,UK
49,Daniel Cook,50,NextGen Solutions,Project Manager,Berlin,Germany
50,Sofia Murphy,55,TechSoft,Project Manager,Tokyo,Australia
